id,name,ticket_url,security_hash
TICKET-0001,Guest #001,https://event.example.com/checkin/TICKET-0001?auth=KEY_9973,HASH_31337
TICKET-0002,Guest #002,https://event.example.com/checkin/TICKET-0002?auth=KEY_19946,HASH_62674
TICKET-0003,Guest #003,https://event.example.com/checkin/TICKET-0003?auth=KEY_29919,HASH_94011
TICKET-0004,Guest #004,https://event.example.com/checkin/TICKET-0004?auth=KEY_39892,HASH_125348
TICKET-0005,Guest #005,https://event.example.com/checkin/TICKET-0005?auth=KEY_49865,HASH_156685
TICKET-0006,Guest #006,https://event.example.com/checkin/TICKET-0006?auth=KEY_59838,HASH_188022
TICKET-0007,Guest #007,https://event.example.com/checkin/TICKET-0007?auth=KEY_69811,HASH_219359
TICKET-0008,Guest #008,https://event.example.com/checkin/TICKET-0008?auth=KEY_79784,HASH_250696
TICKET-0009,Guest #009,https://event.example.com/checkin/TICKET-0009?auth=KEY_89757,HASH_282033
TICKET-0010,Guest #010,https://event.example.com/checkin/TICKET-0010?auth=KEY_99730,HASH_313370
TICKET-0011,Guest #011,https://event.example.com/checkin/TICKET-0011?auth=KEY_109703,HASH_344707
TICKET-0012,Guest #012,https://event.example.com/checkin/TICKET-0012?auth=KEY_119676,HASH_376044
TICKET-0013,Guest #013,https://event.example.com/checkin/TICKET-0013?auth=KEY_129649,HASH_407381
TICKET-0014,Guest #014,https://event.example.com/checkin/TICKET-0014?auth=KEY_139622,HASH_438718
TICKET-0015,Guest #015,https://event.example.com/checkin/TICKET-0015?auth=KEY_149595,HASH_470055
TICKET-0016,Guest #016,https://event.example.com/checkin/TICKET-0016?auth=KEY_159568,HASH_501392
TICKET-0017,Guest #017,https://event.example.com/checkin/TICKET-0017?auth=KEY_169541,HASH_532729
TICKET-0018,Guest #018,https://event.example.com/checkin/TICKET-0018?auth=KEY_179514,HASH_564066
TICKET-0019,Guest #019,https://event.example.com/checkin/TICKET-0019?auth=KEY_189487,HASH_595403
TICKET-0020,Guest #020,https://event.example.com/checkin/TICKET-0020?auth=KEY_199460,HASH_626740
TICKET-0021,Guest #021,https://event.example.com/checkin/TICKET-0021?auth=KEY_209433,HASH_658077
TICKET-0022,Guest #022,https://event.example.com/checkin/TICKET-0022?auth=KEY_219406,HASH_689414
TICKET-0023,Guest #023,https://event.example.com/checkin/TICKET-0023?auth=KEY_229379,HASH_720751
TICKET-0024,Guest #024,https://event.example.com/checkin/TICKET-0024?auth=KEY_239352,HASH_752088
TICKET-0025,Guest #025,https://event.example.com/checkin/TICKET-0025?auth=KEY_249325,HASH_783425
TICKET-0026,Guest #026,https://event.example.com/checkin/TICKET-0026?auth=KEY_259298,HASH_814762
TICKET-0027,Guest #027,https://event.example.com/checkin/TICKET-0027?auth=KEY_269271,HASH_846099
TICKET-0028,Guest #028,https://event.example.com/checkin/TICKET-0028?auth=KEY_279244,HASH_877436
TICKET-0029,Guest #029,https://event.example.com/checkin/TICKET-0029?auth=KEY_289217,HASH_908773
TICKET-0030,Guest #030,https://event.example.com/checkin/TICKET-0030?auth=KEY_299190,HASH_940110
TICKET-0031,Guest #031,https://event.example.com/checkin/TICKET-0031?auth=KEY_309163,HASH_971447
TICKET-0032,Guest #032,https://event.example.com/checkin/TICKET-0032?auth=KEY_319136,HASH_1002784
TICKET-0033,Guest #033,https://event.example.com/checkin/TICKET-0033?auth=KEY_329109,HASH_1034121
TICKET-0034,Guest #034,https://event.example.com/checkin/TICKET-0034?auth=KEY_339082,HASH_1065458
TICKET-0035,Guest #035,https://event.example.com/checkin/TICKET-0035?auth=KEY_349055,HASH_1096795
TICKET-0036,Guest #036,https://event.example.com/checkin/TICKET-0036?auth=KEY_359028,HASH_1128132
TICKET-0037,Guest #037,https://event.example.com/checkin/TICKET-0037?auth=KEY_369001,HASH_1159469
TICKET-0038,Guest #038,https://event.example.com/checkin/TICKET-0038?auth=KEY_378974,HASH_1190806
TICKET-0039,Guest #039,https://event.example.com/checkin/TICKET-0039?auth=KEY_388947,HASH_1222143
TICKET-0040,Guest #040,https://event.example.com/checkin/TICKET-0040?auth=KEY_398920,HASH_1253480
TICKET-0041,Guest #041,https://event.example.com/checkin/TICKET-0041?auth=KEY_408893,HASH_1284817
TICKET-0042,Guest #042,https://event.example.com/checkin/TICKET-0042?auth=KEY_418866,HASH_1316154
TICKET-0043,Guest #043,https://event.example.com/checkin/TICKET-0043?auth=KEY_428839,HASH_1347491
TICKET-0044,Guest #044,https://event.example.com/checkin/TICKET-0044?auth=KEY_438812,HASH_1378828
TICKET-0045,Guest #045,https://event.example.com/checkin/TICKET-0045?auth=KEY_448785,HASH_1410165
TICKET-0046,Guest #046,https://event.example.com/checkin/TICKET-0046?auth=KEY_458758,HASH_1441502
TICKET-0047,Guest #047,https://event.example.com/checkin/TICKET-0047?auth=KEY_468731,HASH_1472839
TICKET-0048,Guest #048,https://event.example.com/checkin/TICKET-0048?auth=KEY_478704,HASH_1504176
TICKET-0049,Guest #049,https://event.example.com/checkin/TICKET-0049?auth=KEY_488677,HASH_1535513
TICKET-0050,Guest #050,https://event.example.com/checkin/TICKET-0050?auth=KEY_498650,HASH_1566850
TICKET-0051,Guest #051,https://event.example.com/checkin/TICKET-0051?auth=KEY_508623,HASH_1598187
TICKET-0052,Guest #052,https://event.example.com/checkin/TICKET-0052?auth=KEY_518596,HASH_1629524
TICKET-0053,Guest #053,https://event.example.com/checkin/TICKET-0053?auth=KEY_528569,HASH_1660861
TICKET-0054,Guest #054,https://event.example.com/checkin/TICKET-0054?auth=KEY_538542,HASH_1692198
TICKET-0055,Guest #055,https://event.example.com/checkin/TICKET-0055?auth=KEY_548515,HASH_1723535
TICKET-0056,Guest #056,https://event.example.com/checkin/TICKET-0056?auth=KEY_558488,HASH_1754872
TICKET-0057,Guest #057,https://event.example.com/checkin/TICKET-0057?auth=KEY_568461,HASH_1786209
TICKET-0058,Guest #058,https://event.example.com/checkin/TICKET-0058?auth=KEY_578434,HASH_1817546
TICKET-0059,Guest #059,https://event.example.com/checkin/TICKET-0059?auth=KEY_588407,HASH_1848883
TICKET-0060,Guest #060,https://event.example.com/checkin/TICKET-0060?auth=KEY_598380,HASH_1880220
TICKET-0061,Guest #061,https://event.example.com/checkin/TICKET-0061?auth=KEY_608353,HASH_1911557
TICKET-0062,Guest #062,https://event.example.com/checkin/TICKET-0062?auth=KEY_618326,HASH_1942894
TICKET-0063,Guest #063,https://event.example.com/checkin/TICKET-0063?auth=KEY_628299,HASH_1974231
TICKET-0064,Guest #064,https://event.example.com/checkin/TICKET-0064?auth=KEY_638272,HASH_2005568
TICKET-0065,Guest #065,https://event.example.com/checkin/TICKET-0065?auth=KEY_648245,HASH_2036905
TICKET-0066,Guest #066,https://event.example.com/checkin/TICKET-0066?auth=KEY_658218,HASH_2068242
TICKET-0067,Guest #067,https://event.example.com/checkin/TICKET-0067?auth=KEY_668191,HASH_2099579
TICKET-0068,Guest #068,https://event.example.com/checkin/TICKET-0068?auth=KEY_678164,HASH_2130916
TICKET-0069,Guest #069,https://event.example.com/checkin/TICKET-0069?auth=KEY_688137,HASH_2162253
TICKET-0070,Guest #070,https://event.example.com/checkin/TICKET-0070?auth=KEY_698110,HASH_2193590
TICKET-0071,Guest #071,https://event.example.com/checkin/TICKET-0071?auth=KEY_708083,HASH_2224927
TICKET-0072,Guest #072,https://event.example.com/checkin/TICKET-0072?auth=KEY_718056,HASH_2256264
TICKET-0073,Guest #073,https://event.example.com/checkin/TICKET-0073?auth=KEY_728029,HASH_2287601
TICKET-0074,Guest #074,https://event.example.com/checkin/TICKET-0074?auth=KEY_738002,HASH_2318938
TICKET-0075,Guest #075,https://event.example.com/checkin/TICKET-0075?auth=KEY_747975,HASH_2350275
TICKET-0076,Guest #076,https://event.example.com/checkin/TICKET-0076?auth=KEY_757948,HASH_2381612
TICKET-0077,Guest #077,https://event.example.com/checkin/TICKET-0077?auth=KEY_767921,HASH_2412949
TICKET-0078,Guest #078,https://event.example.com/checkin/TICKET-0078?auth=KEY_777894,HASH_2444286
TICKET-0079,Guest #079,https://event.example.com/checkin/TICKET-0079?auth=KEY_787867,HASH_2475623
TICKET-0080,Guest #080,https://event.example.com/checkin/TICKET-0080?auth=KEY_797840,HASH_2506960
TICKET-0081,Guest #081,https://event.example.com/checkin/TICKET-0081?auth=KEY_807813,HASH_2538297
TICKET-0082,Guest #082,https://event.example.com/checkin/TICKET-0082?auth=KEY_817786,HASH_2569634
TICKET-0083,Guest #083,https://event.example.com/checkin/TICKET-0083?auth=KEY_827759,HASH_2600971
TICKET-0084,Guest #084,https://event.example.com/checkin/TICKET-0084?auth=KEY_837732,HASH_2632308
TICKET-0085,Guest #085,https://event.example.com/checkin/TICKET-0085?auth=KEY_847705,HASH_2663645
TICKET-0086,Guest #086,https://event.example.com/checkin/TICKET-0086?auth=KEY_857678,HASH_2694982
TICKET-0087,Guest #087,https://event.example.com/checkin/TICKET-0087?auth=KEY_867651,HASH_2726319
TICKET-0088,Guest #088,https://event.example.com/checkin/TICKET-0088?auth=KEY_877624,HASH_2757656
TICKET-0089,Guest #089,https://event.example.com/checkin/TICKET-0089?auth=KEY_887597,HASH_2788993
TICKET-0090,Guest #090,https://event.example.com/checkin/TICKET-0090?auth=KEY_897570,HASH_2820330
TICKET-0091,Guest #091,https://event.example.com/checkin/TICKET-0091?auth=KEY_907543,HASH_2851667
TICKET-0092,Guest #092,https://event.example.com/checkin/TICKET-0092?auth=KEY_917516,HASH_2883004
TICKET-0093,Guest #093,https://event.example.com/checkin/TICKET-0093?auth=KEY_927489,HASH_2914341
TICKET-0094,Guest #094,https://event.example.com/checkin/TICKET-0094?auth=KEY_937462,HASH_2945678
TICKET-0095,Guest #095,https://event.example.com/checkin/TICKET-0095?auth=KEY_947435,HASH_2977015
TICKET-0096,Guest #096,https://event.example.com/checkin/TICKET-0096?auth=KEY_957408,HASH_3008352
TICKET-0097,Guest #097,https://event.example.com/checkin/TICKET-0097?auth=KEY_967381,HASH_3039689
TICKET-0098,Guest #098,https://event.example.com/checkin/TICKET-0098?auth=KEY_977354,HASH_3071026
TICKET-0099,Guest #099,https://event.example.com/checkin/TICKET-0099?auth=KEY_987327,HASH_3102363
TICKET-0100,Guest #100,https://event.example.com/checkin/TICKET-0100?auth=KEY_997300,HASH_3133700
TICKET-0101,Guest #101,https://event.example.com/checkin/TICKET-0101?auth=KEY_1007273,HASH_3165037
TICKET-0102,Guest #102,https://event.example.com/checkin/TICKET-0102?auth=KEY_1017246,HASH_3196374
TICKET-0103,Guest #103,https://event.example.com/checkin/TICKET-0103?auth=KEY_1027219,HASH_3227711
TICKET-0104,Guest #104,https://event.example.com/checkin/TICKET-0104?auth=KEY_1037192,HASH_3259048
TICKET-0105,Guest #105,https://event.example.com/checkin/TICKET-0105?auth=KEY_1047165,HASH_3290385
TICKET-0106,Guest #106,https://event.example.com/checkin/TICKET-0106?auth=KEY_1057138,HASH_3321722
TICKET-0107,Guest #107,https://event.example.com/checkin/TICKET-0107?auth=KEY_1067111,HASH_3353059
TICKET-0108,Guest #108,https://event.example.com/checkin/TICKET-0108?auth=KEY_1077084,HASH_3384396
TICKET-0109,Guest #109,https://event.example.com/checkin/TICKET-0109?auth=KEY_1087057,HASH_3415733
TICKET-0110,Guest #110,https://event.example.com/checkin/TICKET-0110?auth=KEY_1097030,HASH_3447070
TICKET-0111,Guest #111,https://event.example.com/checkin/TICKET-0111?auth=KEY_1107003,HASH_3478407
TICKET-0112,Guest #112,https://event.example.com/checkin/TICKET-0112?auth=KEY_1116976,HASH_3509744
TICKET-0113,Guest #113,https://event.example.com/checkin/TICKET-0113?auth=KEY_1126949,HASH_3541081
TICKET-0114,Guest #114,https://event.example.com/checkin/TICKET-0114?auth=KEY_1136922,HASH_3572418
TICKET-0115,Guest #115,https://event.example.com/checkin/TICKET-0115?auth=KEY_1146895,HASH_3603755
TICKET-0116,Guest #116,https://event.example.com/checkin/TICKET-0116?auth=KEY_1156868,HASH_3635092
TICKET-0117,Guest #117,https://event.example.com/checkin/TICKET-0117?auth=KEY_1166841,HASH_3666429
TICKET-0118,Guest #118,https://event.example.com/checkin/TICKET-0118?auth=KEY_1176814,HASH_3697766
TICKET-0119,Guest #119,https://event.example.com/checkin/TICKET-0119?auth=KEY_1186787,HASH_3729103
TICKET-0120,Guest #120,https://event.example.com/checkin/TICKET-0120?auth=KEY_1196760,HASH_3760440
TICKET-0121,Guest #121,https://event.example.com/checkin/TICKET-0121?auth=KEY_1206733,HASH_3791777
TICKET-0122,Guest #122,https://event.example.com/checkin/TICKET-0122?auth=KEY_1216706,HASH_3823114
TICKET-0123,Guest #123,https://event.example.com/checkin/TICKET-0123?auth=KEY_1226679,HASH_3854451
TICKET-0124,Guest #124,https://event.example.com/checkin/TICKET-0124?auth=KEY_1236652,HASH_3885788
TICKET-0125,Guest #125,https://event.example.com/checkin/TICKET-0125?auth=KEY_1246625,HASH_3917125
TICKET-0126,Guest #126,https://event.example.com/checkin/TICKET-0126?auth=KEY_1256598,HASH_3948462
TICKET-0127,Guest #127,https://event.example.com/checkin/TICKET-0127?auth=KEY_1266571,HASH_3979799
TICKET-0128,Guest #128,https://event.example.com/checkin/TICKET-0128?auth=KEY_1276544,HASH_4011136
TICKET-0129,Guest #129,https://event.example.com/checkin/TICKET-0129?auth=KEY_1286517,HASH_4042473
TICKET-0130,Guest #130,https://event.example.com/checkin/TICKET-0130?auth=KEY_1296490,HASH_4073810
TICKET-0131,Guest #131,https://event.example.com/checkin/TICKET-0131?auth=KEY_1306463,HASH_4105147
TICKET-0132,Guest #132,https://event.example.com/checkin/TICKET-0132?auth=KEY_1316436,HASH_4136484
TICKET-0133,Guest #133,https://event.example.com/checkin/TICKET-0133?auth=KEY_1326409,HASH_4167821
TICKET-0134,Guest #134,https://event.example.com/checkin/TICKET-0134?auth=KEY_1336382,HASH_4199158
TICKET-0135,Guest #135,https://event.example.com/checkin/TICKET-0135?auth=KEY_1346355,HASH_4230495
TICKET-0136,Guest #136,https://event.example.com/checkin/TICKET-0136?auth=KEY_1356328,HASH_4261832
TICKET-0137,Guest #137,https://event.example.com/checkin/TICKET-0137?auth=KEY_1366301,HASH_4293169
TICKET-0138,Guest #138,https://event.example.com/checkin/TICKET-0138?auth=KEY_1376274,HASH_4324506
TICKET-0139,Guest #139,https://event.example.com/checkin/TICKET-0139?auth=KEY_1386247,HASH_4355843
TICKET-0140,Guest #140,https://event.example.com/checkin/TICKET-0140?auth=KEY_1396220,HASH_4387180
TICKET-0141,Guest #141,https://event.example.com/checkin/TICKET-0141?auth=KEY_1406193,HASH_4418517
TICKET-0142,Guest #142,https://event.example.com/checkin/TICKET-0142?auth=KEY_1416166,HASH_4449854
TICKET-0143,Guest #143,https://event.example.com/checkin/TICKET-0143?auth=KEY_1426139,HASH_4481191
TICKET-0144,Guest #144,https://event.example.com/checkin/TICKET-0144?auth=KEY_1436112,HASH_4512528
TICKET-0145,Guest #145,https://event.example.com/checkin/TICKET-0145?auth=KEY_1446085,HASH_4543865
TICKET-0146,Guest #146,https://event.example.com/checkin/TICKET-0146?auth=KEY_1456058,HASH_4575202
TICKET-0147,Guest #147,https://event.example.com/checkin/TICKET-0147?auth=KEY_1466031,HASH_4606539
TICKET-0148,Guest #148,https://event.example.com/checkin/TICKET-0148?auth=KEY_1476004,HASH_4637876
TICKET-0149,Guest #149,https://event.example.com/checkin/TICKET-0149?auth=KEY_1485977,HASH_4669213
TICKET-0150,Guest #150,https://event.example.com/checkin/TICKET-0150?auth=KEY_1495950,HASH_4700550
TICKET-0151,Guest #151,https://event.example.com/checkin/TICKET-0151?auth=KEY_1505923,HASH_4731887
TICKET-0152,Guest #152,https://event.example.com/checkin/TICKET-0152?auth=KEY_1515896,HASH_4763224
TICKET-0153,Guest #153,https://event.example.com/checkin/TICKET-0153?auth=KEY_1525869,HASH_4794561
TICKET-0154,Guest #154,https://event.example.com/checkin/TICKET-0154?auth=KEY_1535842,HASH_4825898
TICKET-0155,Guest #155,https://event.example.com/checkin/TICKET-0155?auth=KEY_1545815,HASH_4857235
TICKET-0156,Guest #156,https://event.example.com/checkin/TICKET-0156?auth=KEY_1555788,HASH_4888572
TICKET-0157,Guest #157,https://event.example.com/checkin/TICKET-0157?auth=KEY_1565761,HASH_4919909
TICKET-0158,Guest #158,https://event.example.com/checkin/TICKET-0158?auth=KEY_1575734,HASH_4951246
TICKET-0159,Guest #159,https://event.example.com/checkin/TICKET-0159?auth=KEY_1585707,HASH_4982583
TICKET-0160,Guest #160,https://event.example.com/checkin/TICKET-0160?auth=KEY_1595680,HASH_5013920
TICKET-0161,Guest #161,https://event.example.com/checkin/TICKET-0161?auth=KEY_1605653,HASH_5045257
TICKET-0162,Guest #162,https://event.example.com/checkin/TICKET-0162?auth=KEY_1615626,HASH_5076594
TICKET-0163,Guest #163,https://event.example.com/checkin/TICKET-0163?auth=KEY_1625599,HASH_5107931
TICKET-0164,Guest #164,https://event.example.com/checkin/TICKET-0164?auth=KEY_1635572,HASH_5139268
TICKET-0165,Guest #165,https://event.example.com/checkin/TICKET-0165?auth=KEY_1645545,HASH_5170605
TICKET-0166,Guest #166,https://event.example.com/checkin/TICKET-0166?auth=KEY_1655518,HASH_5201942
TICKET-0167,Guest #167,https://event.example.com/checkin/TICKET-0167?auth=KEY_1665491,HASH_5233279
TICKET-0168,Guest #168,https://event.example.com/checkin/TICKET-0168?auth=KEY_1675464,HASH_5264616
TICKET-0169,Guest #169,https://event.example.com/checkin/TICKET-0169?auth=KEY_1685437,HASH_5295953
TICKET-0170,Guest #170,https://event.example.com/checkin/TICKET-0170?auth=KEY_1695410,HASH_5327290
TICKET-0171,Guest #171,https://event.example.com/checkin/TICKET-0171?auth=KEY_1705383,HASH_5358627
TICKET-0172,Guest #172,https://event.example.com/checkin/TICKET-0172?auth=KEY_1715356,HASH_5389964
TICKET-0173,Guest #173,https://event.example.com/checkin/TICKET-0173?auth=KEY_1725329,HASH_5421301
TICKET-0174,Guest #174,https://event.example.com/checkin/TICKET-0174?auth=KEY_1735302,HASH_5452638
TICKET-0175,Guest #175,https://event.example.com/checkin/TICKET-0175?auth=KEY_1745275,HASH_5483975
TICKET-0176,Guest #176,https://event.example.com/checkin/TICKET-0176?auth=KEY_1755248,HASH_5515312
TICKET-0177,Guest #177,https://event.example.com/checkin/TICKET-0177?auth=KEY_1765221,HASH_5546649
TICKET-0178,Guest #178,https://event.example.com/checkin/TICKET-0178?auth=KEY_1775194,HASH_5577986
TICKET-0179,Guest #179,https://event.example.com/checkin/TICKET-0179?auth=KEY_1785167,HASH_5609323
TICKET-0180,Guest #180,https://event.example.com/checkin/TICKET-0180?auth=KEY_1795140,HASH_5640660
TICKET-0181,Guest #181,https://event.example.com/checkin/TICKET-0181?auth=KEY_1805113,HASH_5671997
TICKET-0182,Guest #182,https://event.example.com/checkin/TICKET-0182?auth=KEY_1815086,HASH_5703334
TICKET-0183,Guest #183,https://event.example.com/checkin/TICKET-0183?auth=KEY_1825059,HASH_5734671
TICKET-0184,Guest #184,https://event.example.com/checkin/TICKET-0184?auth=KEY_1835032,HASH_5766008
TICKET-0185,Guest #185,https://event.example.com/checkin/TICKET-0185?auth=KEY_1845005,HASH_5797345
TICKET-0186,Guest #186,https://event.example.com/checkin/TICKET-0186?auth=KEY_1854978,HASH_5828682
TICKET-0187,Guest #187,https://event.example.com/checkin/TICKET-0187?auth=KEY_1864951,HASH_5860019
TICKET-0188,Guest #188,https://event.example.com/checkin/TICKET-0188?auth=KEY_1874924,HASH_5891356
TICKET-0189,Guest #189,https://event.example.com/checkin/TICKET-0189?auth=KEY_1884897,HASH_5922693
TICKET-0190,Guest #190,https://event.example.com/checkin/TICKET-0190?auth=KEY_1894870,HASH_5954030
TICKET-0191,Guest #191,https://event.example.com/checkin/TICKET-0191?auth=KEY_1904843,HASH_5985367
TICKET-0192,Guest #192,https://event.example.com/checkin/TICKET-0192?auth=KEY_1914816,HASH_6016704
TICKET-0193,Guest #193,https://event.example.com/checkin/TICKET-0193?auth=KEY_1924789,HASH_6048041
TICKET-0194,Guest #194,https://event.example.com/checkin/TICKET-0194?auth=KEY_1934762,HASH_6079378
TICKET-0195,Guest #195,https://event.example.com/checkin/TICKET-0195?auth=KEY_1944735,HASH_6110715
TICKET-0196,Guest #196,https://event.example.com/checkin/TICKET-0196?auth=KEY_1954708,HASH_6142052
TICKET-0197,Guest #197,https://event.example.com/checkin/TICKET-0197?auth=KEY_1964681,HASH_6173389
TICKET-0198,Guest #198,https://event.example.com/checkin/TICKET-0198?auth=KEY_1974654,HASH_6204726
TICKET-0199,Guest #199,https://event.example.com/checkin/TICKET-0199?auth=KEY_1984627,HASH_6236063
TICKET-0200,Guest #200,https://event.example.com/checkin/TICKET-0200?auth=KEY_1994600,HASH_6267400
TICKET-0201,Guest #201,https://event.example.com/checkin/TICKET-0201?auth=KEY_2004573,HASH_6298737
TICKET-0202,Guest #202,https://event.example.com/checkin/TICKET-0202?auth=KEY_2014546,HASH_6330074
TICKET-0203,Guest #203,https://event.example.com/checkin/TICKET-0203?auth=KEY_2024519,HASH_6361411
TICKET-0204,Guest #204,https://event.example.com/checkin/TICKET-0204?auth=KEY_2034492,HASH_6392748
TICKET-0205,Guest #205,https://event.example.com/checkin/TICKET-0205?auth=KEY_2044465,HASH_6424085
TICKET-0206,Guest #206,https://event.example.com/checkin/TICKET-0206?auth=KEY_2054438,HASH_6455422
TICKET-0207,Guest #207,https://event.example.com/checkin/TICKET-0207?auth=KEY_2064411,HASH_6486759
TICKET-0208,Guest #208,https://event.example.com/checkin/TICKET-0208?auth=KEY_2074384,HASH_6518096
TICKET-0209,Guest #209,https://event.example.com/checkin/TICKET-0209?auth=KEY_2084357,HASH_6549433
TICKET-0210,Guest #210,https://event.example.com/checkin/TICKET-0210?auth=KEY_2094330,HASH_6580770
TICKET-0211,Guest #211,https://event.example.com/checkin/TICKET-0211?auth=KEY_2104303,HASH_6612107
TICKET-0212,Guest #212,https://event.example.com/checkin/TICKET-0212?auth=KEY_2114276,HASH_6643444
TICKET-0213,Guest #213,https://event.example.com/checkin/TICKET-0213?auth=KEY_2124249,HASH_6674781
TICKET-0214,Guest #214,https://event.example.com/checkin/TICKET-0214?auth=KEY_2134222,HASH_6706118
TICKET-0215,Guest #215,https://event.example.com/checkin/TICKET-0215?auth=KEY_2144195,HASH_6737455
TICKET-0216,Guest #216,https://event.example.com/checkin/TICKET-0216?auth=KEY_2154168,HASH_6768792
TICKET-0217,Guest #217,https://event.example.com/checkin/TICKET-0217?auth=KEY_2164141,HASH_6800129
TICKET-0218,Guest #218,https://event.example.com/checkin/TICKET-0218?auth=KEY_2174114,HASH_6831466
TICKET-0219,Guest #219,https://event.example.com/checkin/TICKET-0219?auth=KEY_2184087,HASH_6862803
TICKET-0220,Guest #220,https://event.example.com/checkin/TICKET-0220?auth=KEY_2194060,HASH_6894140
TICKET-0221,Guest #221,https://event.example.com/checkin/TICKET-0221?auth=KEY_2204033,HASH_6925477
TICKET-0222,Guest #222,https://event.example.com/checkin/TICKET-0222?auth=KEY_2214006,HASH_6956814
TICKET-0223,Guest #223,https://event.example.com/checkin/TICKET-0223?auth=KEY_2223979,HASH_6988151
TICKET-0224,Guest #224,https://event.example.com/checkin/TICKET-0224?auth=KEY_2233952,HASH_7019488
TICKET-0225,Guest #225,https://event.example.com/checkin/TICKET-0225?auth=KEY_2243925,HASH_7050825
TICKET-0226,Guest #226,https://event.example.com/checkin/TICKET-0226?auth=KEY_2253898,HASH_7082162
TICKET-0227,Guest #227,https://event.example.com/checkin/TICKET-0227?auth=KEY_2263871,HASH_7113499
TICKET-0228,Guest #228,https://event.example.com/checkin/TICKET-0228?auth=KEY_2273844,HASH_7144836
TICKET-0229,Guest #229,https://event.example.com/checkin/TICKET-0229?auth=KEY_2283817,HASH_7176173
TICKET-0230,Guest #230,https://event.example.com/checkin/TICKET-0230?auth=KEY_2293790,HASH_7207510
TICKET-0231,Guest #231,https://event.example.com/checkin/TICKET-0231?auth=KEY_2303763,HASH_7238847
TICKET-0232,Guest #232,https://event.example.com/checkin/TICKET-0232?auth=KEY_2313736,HASH_7270184
TICKET-0233,Guest #233,https://event.example.com/checkin/TICKET-0233?auth=KEY_2323709,HASH_7301521
TICKET-0234,Guest #234,https://event.example.com/checkin/TICKET-0234?auth=KEY_2333682,HASH_7332858
TICKET-0235,Guest #235,https://event.example.com/checkin/TICKET-0235?auth=KEY_2343655,HASH_7364195
TICKET-0236,Guest #236,https://event.example.com/checkin/TICKET-0236?auth=KEY_2353628,HASH_7395532
TICKET-0237,Guest #237,https://event.example.com/checkin/TICKET-0237?auth=KEY_2363601,HASH_7426869
TICKET-0238,Guest #238,https://event.example.com/checkin/TICKET-0238?auth=KEY_2373574,HASH_7458206
TICKET-0239,Guest #239,https://event.example.com/checkin/TICKET-0239?auth=KEY_2383547,HASH_7489543
TICKET-0240,Guest #240,https://event.example.com/checkin/TICKET-0240?auth=KEY_2393520,HASH_7520880
TICKET-0241,Guest #241,https://event.example.com/checkin/TICKET-0241?auth=KEY_2403493,HASH_7552217
TICKET-0242,Guest #242,https://event.example.com/checkin/TICKET-0242?auth=KEY_2413466,HASH_7583554
TICKET-0243,Guest #243,https://event.example.com/checkin/TICKET-0243?auth=KEY_2423439,HASH_7614891
TICKET-0244,Guest #244,https://event.example.com/checkin/TICKET-0244?auth=KEY_2433412,HASH_7646228
TICKET-0245,Guest #245,https://event.example.com/checkin/TICKET-0245?auth=KEY_2443385,HASH_7677565
TICKET-0246,Guest #246,https://event.example.com/checkin/TICKET-0246?auth=KEY_2453358,HASH_7708902
TICKET-0247,Guest #247,https://event.example.com/checkin/TICKET-0247?auth=KEY_2463331,HASH_7740239
TICKET-0248,Guest #248,https://event.example.com/checkin/TICKET-0248?auth=KEY_2473304,HASH_7771576
TICKET-0249,Guest #249,https://event.example.com/checkin/TICKET-0249?auth=KEY_2483277,HASH_7802913
TICKET-0250,Guest #250,https://event.example.com/checkin/TICKET-0250?auth=KEY_2493250,HASH_7834250
TICKET-0251,Guest #251,https://event.example.com/checkin/TICKET-0251?auth=KEY_2503223,HASH_7865587
TICKET-0252,Guest #252,https://event.example.com/checkin/TICKET-0252?auth=KEY_2513196,HASH_7896924
TICKET-0253,Guest #253,https://event.example.com/checkin/TICKET-0253?auth=KEY_2523169,HASH_7928261
TICKET-0254,Guest #254,https://event.example.com/checkin/TICKET-0254?auth=KEY_2533142,HASH_7959598
TICKET-0255,Guest #255,https://event.example.com/checkin/TICKET-0255?auth=KEY_2543115,HASH_7990935
TICKET-0256,Guest #256,https://event.example.com/checkin/TICKET-0256?auth=KEY_2553088,HASH_8022272
TICKET-0257,Guest #257,https://event.example.com/checkin/TICKET-0257?auth=KEY_2563061,HASH_8053609
TICKET-0258,Guest #258,https://event.example.com/checkin/TICKET-0258?auth=KEY_2573034,HASH_8084946
TICKET-0259,Guest #259,https://event.example.com/checkin/TICKET-0259?auth=KEY_2583007,HASH_8116283
TICKET-0260,Guest #260,https://event.example.com/checkin/TICKET-0260?auth=KEY_2592980,HASH_8147620
TICKET-0261,Guest #261,https://event.example.com/checkin/TICKET-0261?auth=KEY_2602953,HASH_8178957
TICKET-0262,Guest #262,https://event.example.com/checkin/TICKET-0262?auth=KEY_2612926,HASH_8210294
TICKET-0263,Guest #263,https://event.example.com/checkin/TICKET-0263?auth=KEY_2622899,HASH_8241631
TICKET-0264,Guest #264,https://event.example.com/checkin/TICKET-0264?auth=KEY_2632872,HASH_8272968
TICKET-0265,Guest #265,https://event.example.com/checkin/TICKET-0265?auth=KEY_2642845,HASH_8304305
TICKET-0266,Guest #266,https://event.example.com/checkin/TICKET-0266?auth=KEY_2652818,HASH_8335642
TICKET-0267,Guest #267,https://event.example.com/checkin/TICKET-0267?auth=KEY_2662791,HASH_8366979
TICKET-0268,Guest #268,https://event.example.com/checkin/TICKET-0268?auth=KEY_2672764,HASH_8398316
TICKET-0269,Guest #269,https://event.example.com/checkin/TICKET-0269?auth=KEY_2682737,HASH_8429653
TICKET-0270,Guest #270,https://event.example.com/checkin/TICKET-0270?auth=KEY_2692710,HASH_8460990
TICKET-0271,Guest #271,https://event.example.com/checkin/TICKET-0271?auth=KEY_2702683,HASH_8492327
TICKET-0272,Guest #272,https://event.example.com/checkin/TICKET-0272?auth=KEY_2712656,HASH_8523664
TICKET-0273,Guest #273,https://event.example.com/checkin/TICKET-0273?auth=KEY_2722629,HASH_8555001
TICKET-0274,Guest #274,https://event.example.com/checkin/TICKET-0274?auth=KEY_2732602,HASH_8586338
TICKET-0275,Guest #275,https://event.example.com/checkin/TICKET-0275?auth=KEY_2742575,HASH_8617675
TICKET-0276,Guest #276,https://event.example.com/checkin/TICKET-0276?auth=KEY_2752548,HASH_8649012
TICKET-0277,Guest #277,https://event.example.com/checkin/TICKET-0277?auth=KEY_2762521,HASH_8680349
TICKET-0278,Guest #278,https://event.example.com/checkin/TICKET-0278?auth=KEY_2772494,HASH_8711686
TICKET-0279,Guest #279,https://event.example.com/checkin/TICKET-0279?auth=KEY_2782467,HASH_8743023
TICKET-0280,Guest #280,https://event.example.com/checkin/TICKET-0280?auth=KEY_2792440,HASH_8774360
TICKET-0281,Guest #281,https://event.example.com/checkin/TICKET-0281?auth=KEY_2802413,HASH_8805697
TICKET-0282,Guest #282,https://event.example.com/checkin/TICKET-0282?auth=KEY_2812386,HASH_8837034
TICKET-0283,Guest #283,https://event.example.com/checkin/TICKET-0283?auth=KEY_2822359,HASH_8868371
TICKET-0284,Guest #284,https://event.example.com/checkin/TICKET-0284?auth=KEY_2832332,HASH_8899708
TICKET-0285,Guest #285,https://event.example.com/checkin/TICKET-0285?auth=KEY_2842305,HASH_8931045
TICKET-0286,Guest #286,https://event.example.com/checkin/TICKET-0286?auth=KEY_2852278,HASH_8962382
TICKET-0287,Guest #287,https://event.example.com/checkin/TICKET-0287?auth=KEY_2862251,HASH_8993719
TICKET-0288,Guest #288,https://event.example.com/checkin/TICKET-0288?auth=KEY_2872224,HASH_9025056
TICKET-0289,Guest #289,https://event.example.com/checkin/TICKET-0289?auth=KEY_2882197,HASH_9056393
TICKET-0290,Guest #290,https://event.example.com/checkin/TICKET-0290?auth=KEY_2892170,HASH_9087730
TICKET-0291,Guest #291,https://event.example.com/checkin/TICKET-0291?auth=KEY_2902143,HASH_9119067
TICKET-0292,Guest #292,https://event.example.com/checkin/TICKET-0292?auth=KEY_2912116,HASH_9150404
TICKET-0293,Guest #293,https://event.example.com/checkin/TICKET-0293?auth=KEY_2922089,HASH_9181741
TICKET-0294,Guest #294,https://event.example.com/checkin/TICKET-0294?auth=KEY_2932062,HASH_9213078
TICKET-0295,Guest #295,https://event.example.com/checkin/TICKET-0295?auth=KEY_2942035,HASH_9244415
TICKET-0296,Guest #296,https://event.example.com/checkin/TICKET-0296?auth=KEY_2952008,HASH_9275752
TICKET-0297,Guest #297,https://event.example.com/checkin/TICKET-0297?auth=KEY_2961981,HASH_9307089
TICKET-0298,Guest #298,https://event.example.com/checkin/TICKET-0298?auth=KEY_2971954,HASH_9338426
TICKET-0299,Guest #299,https://event.example.com/checkin/TICKET-0299?auth=KEY_2981927,HASH_9369763
TICKET-0300,Guest #300,https://event.example.com/checkin/TICKET-0300?auth=KEY_2991900,HASH_9401100
TICKET-0301,Guest #301,https://event.example.com/checkin/TICKET-0301?auth=KEY_3001873,HASH_9432437
TICKET-0302,Guest #302,https://event.example.com/checkin/TICKET-0302?auth=KEY_3011846,HASH_9463774
TICKET-0303,Guest #303,https://event.example.com/checkin/TICKET-0303?auth=KEY_3021819,HASH_9495111
TICKET-0304,Guest #304,https://event.example.com/checkin/TICKET-0304?auth=KEY_3031792,HASH_9526448
TICKET-0305,Guest #305,https://event.example.com/checkin/TICKET-0305?auth=KEY_3041765,HASH_9557785
TICKET-0306,Guest #306,https://event.example.com/checkin/TICKET-0306?auth=KEY_3051738,HASH_9589122
TICKET-0307,Guest #307,https://event.example.com/checkin/TICKET-0307?auth=KEY_3061711,HASH_9620459
TICKET-0308,Guest #308,https://event.example.com/checkin/TICKET-0308?auth=KEY_3071684,HASH_9651796
TICKET-0309,Guest #309,https://event.example.com/checkin/TICKET-0309?auth=KEY_3081657,HASH_9683133
TICKET-0310,Guest #310,https://event.example.com/checkin/TICKET-0310?auth=KEY_3091630,HASH_9714470
TICKET-0311,Guest #311,https://event.example.com/checkin/TICKET-0311?auth=KEY_3101603,HASH_9745807
TICKET-0312,Guest #312,https://event.example.com/checkin/TICKET-0312?auth=KEY_3111576,HASH_9777144
TICKET-0313,Guest #313,https://event.example.com/checkin/TICKET-0313?auth=KEY_3121549,HASH_9808481
TICKET-0314,Guest #314,https://event.example.com/checkin/TICKET-0314?auth=KEY_3131522,HASH_9839818
TICKET-0315,Guest #315,https://event.example.com/checkin/TICKET-0315?auth=KEY_3141495,HASH_9871155
TICKET-0316,Guest #316,https://event.example.com/checkin/TICKET-0316?auth=KEY_3151468,HASH_9902492
TICKET-0317,Guest #317,https://event.example.com/checkin/TICKET-0317?auth=KEY_3161441,HASH_9933829
TICKET-0318,Guest #318,https://event.example.com/checkin/TICKET-0318?auth=KEY_3171414,HASH_9965166
TICKET-0319,Guest #319,https://event.example.com/checkin/TICKET-0319?auth=KEY_3181387,HASH_9996503
TICKET-0320,Guest #320,https://event.example.com/checkin/TICKET-0320?auth=KEY_3191360,HASH_10027840
TICKET-0321,Guest #321,https://event.example.com/checkin/TICKET-0321?auth=KEY_3201333,HASH_10059177
TICKET-0322,Guest #322,https://event.example.com/checkin/TICKET-0322?auth=KEY_3211306,HASH_10090514
TICKET-0323,Guest #323,https://event.example.com/checkin/TICKET-0323?auth=KEY_3221279,HASH_10121851
TICKET-0324,Guest #324,https://event.example.com/checkin/TICKET-0324?auth=KEY_3231252,HASH_10153188
TICKET-0325,Guest #325,https://event.example.com/checkin/TICKET-0325?auth=KEY_3241225,HASH_10184525
TICKET-0326,Guest #326,https://event.example.com/checkin/TICKET-0326?auth=KEY_3251198,HASH_10215862
TICKET-0327,Guest #327,https://event.example.com/checkin/TICKET-0327?auth=KEY_3261171,HASH_10247199
TICKET-0328,Guest #328,https://event.example.com/checkin/TICKET-0328?auth=KEY_3271144,HASH_10278536
TICKET-0329,Guest #329,https://event.example.com/checkin/TICKET-0329?auth=KEY_3281117,HASH_10309873
TICKET-0330,Guest #330,https://event.example.com/checkin/TICKET-0330?auth=KEY_3291090,HASH_10341210
TICKET-0331,Guest #331,https://event.example.com/checkin/TICKET-0331?auth=KEY_3301063,HASH_10372547
TICKET-0332,Guest #332,https://event.example.com/checkin/TICKET-0332?auth=KEY_3311036,HASH_10403884
TICKET-0333,Guest #333,https://event.example.com/checkin/TICKET-0333?auth=KEY_3321009,HASH_10435221
TICKET-0334,Guest #334,https://event.example.com/checkin/TICKET-0334?auth=KEY_3330982,HASH_10466558
TICKET-0335,Guest #335,https://event.example.com/checkin/TICKET-0335?auth=KEY_3340955,HASH_10497895
TICKET-0336,Guest #336,https://event.example.com/checkin/TICKET-0336?auth=KEY_3350928,HASH_10529232
TICKET-0337,Guest #337,https://event.example.com/checkin/TICKET-0337?auth=KEY_3360901,HASH_10560569
TICKET-0338,Guest #338,https://event.example.com/checkin/TICKET-0338?auth=KEY_3370874,HASH_10591906
TICKET-0339,Guest #339,https://event.example.com/checkin/TICKET-0339?auth=KEY_3380847,HASH_10623243
TICKET-0340,Guest #340,https://event.example.com/checkin/TICKET-0340?auth=KEY_3390820,HASH_10654580
TICKET-0341,Guest #341,https://event.example.com/checkin/TICKET-0341?auth=KEY_3400793,HASH_10685917
TICKET-0342,Guest #342,https://event.example.com/checkin/TICKET-0342?auth=KEY_3410766,HASH_10717254
TICKET-0343,Guest #343,https://event.example.com/checkin/TICKET-0343?auth=KEY_3420739,HASH_10748591
TICKET-0344,Guest #344,https://event.example.com/checkin/TICKET-0344?auth=KEY_3430712,HASH_10779928
TICKET-0345,Guest #345,https://event.example.com/checkin/TICKET-0345?auth=KEY_3440685,HASH_10811265
TICKET-0346,Guest #346,https://event.example.com/checkin/TICKET-0346?auth=KEY_3450658,HASH_10842602
TICKET-0347,Guest #347,https://event.example.com/checkin/TICKET-0347?auth=KEY_3460631,HASH_10873939
TICKET-0348,Guest #348,https://event.example.com/checkin/TICKET-0348?auth=KEY_3470604,HASH_10905276
TICKET-0349,Guest #349,https://event.example.com/checkin/TICKET-0349?auth=KEY_3480577,HASH_10936613
TICKET-0350,Guest #350,https://event.example.com/checkin/TICKET-0350?auth=KEY_3490550,HASH_10967950
TICKET-0351,Guest #351,https://event.example.com/checkin/TICKET-0351?auth=KEY_3500523,HASH_10999287
TICKET-0352,Guest #352,https://event.example.com/checkin/TICKET-0352?auth=KEY_3510496,HASH_11030624
TICKET-0353,Guest #353,https://event.example.com/checkin/TICKET-0353?auth=KEY_3520469,HASH_11061961
TICKET-0354,Guest #354,https://event.example.com/checkin/TICKET-0354?auth=KEY_3530442,HASH_11093298
TICKET-0355,Guest #355,https://event.example.com/checkin/TICKET-0355?auth=KEY_3540415,HASH_11124635
TICKET-0356,Guest #356,https://event.example.com/checkin/TICKET-0356?auth=KEY_3550388,HASH_11155972
TICKET-0357,Guest #357,https://event.example.com/checkin/TICKET-0357?auth=KEY_3560361,HASH_11187309
TICKET-0358,Guest #358,https://event.example.com/checkin/TICKET-0358?auth=KEY_3570334,HASH_11218646
TICKET-0359,Guest #359,https://event.example.com/checkin/TICKET-0359?auth=KEY_3580307,HASH_11249983
TICKET-0360,Guest #360,https://event.example.com/checkin/TICKET-0360?auth=KEY_3590280,HASH_11281320
TICKET-0361,Guest #361,https://event.example.com/checkin/TICKET-0361?auth=KEY_3600253,HASH_11312657
TICKET-0362,Guest #362,https://event.example.com/checkin/TICKET-0362?auth=KEY_3610226,HASH_11343994
TICKET-0363,Guest #363,https://event.example.com/checkin/TICKET-0363?auth=KEY_3620199,HASH_11375331
TICKET-0364,Guest #364,https://event.example.com/checkin/TICKET-0364?auth=KEY_3630172,HASH_11406668
TICKET-0365,Guest #365,https://event.example.com/checkin/TICKET-0365?auth=KEY_3640145,HASH_11438005
TICKET-0366,Guest #366,https://event.example.com/checkin/TICKET-0366?auth=KEY_3650118,HASH_11469342
TICKET-0367,Guest #367,https://event.example.com/checkin/TICKET-0367?auth=KEY_3660091,HASH_11500679
TICKET-0368,Guest #368,https://event.example.com/checkin/TICKET-0368?auth=KEY_3670064,HASH_11532016
TICKET-0369,Guest #369,https://event.example.com/checkin/TICKET-0369?auth=KEY_3680037,HASH_11563353
TICKET-0370,Guest #370,https://event.example.com/checkin/TICKET-0370?auth=KEY_3690010,HASH_11594690
TICKET-0371,Guest #371,https://event.example.com/checkin/TICKET-0371?auth=KEY_3699983,HASH_11626027
TICKET-0372,Guest #372,https://event.example.com/checkin/TICKET-0372?auth=KEY_3709956,HASH_11657364
TICKET-0373,Guest #373,https://event.example.com/checkin/TICKET-0373?auth=KEY_3719929,HASH_11688701
TICKET-0374,Guest #374,https://event.example.com/checkin/TICKET-0374?auth=KEY_3729902,HASH_11720038
TICKET-0375,Guest #375,https://event.example.com/checkin/TICKET-0375?auth=KEY_3739875,HASH_11751375
TICKET-0376,Guest #376,https://event.example.com/checkin/TICKET-0376?auth=KEY_3749848,HASH_11782712
TICKET-0377,Guest #377,https://event.example.com/checkin/TICKET-0377?auth=KEY_3759821,HASH_11814049
TICKET-0378,Guest #378,https://event.example.com/checkin/TICKET-0378?auth=KEY_3769794,HASH_11845386
TICKET-0379,Guest #379,https://event.example.com/checkin/TICKET-0379?auth=KEY_3779767,HASH_11876723
TICKET-0380,Guest #380,https://event.example.com/checkin/TICKET-0380?auth=KEY_3789740,HASH_11908060
TICKET-0381,Guest #381,https://event.example.com/checkin/TICKET-0381?auth=KEY_3799713,HASH_11939397
TICKET-0382,Guest #382,https://event.example.com/checkin/TICKET-0382?auth=KEY_3809686,HASH_11970734
TICKET-0383,Guest #383,https://event.example.com/checkin/TICKET-0383?auth=KEY_3819659,HASH_12002071
TICKET-0384,Guest #384,https://event.example.com/checkin/TICKET-0384?auth=KEY_3829632,HASH_12033408
TICKET-0385,Guest #385,https://event.example.com/checkin/TICKET-0385?auth=KEY_3839605,HASH_12064745
TICKET-0386,Guest #386,https://event.example.com/checkin/TICKET-0386?auth=KEY_3849578,HASH_12096082
TICKET-0387,Guest #387,https://event.example.com/checkin/TICKET-0387?auth=KEY_3859551,HASH_12127419
TICKET-0388,Guest #388,https://event.example.com/checkin/TICKET-0388?auth=KEY_3869524,HASH_12158756
TICKET-0389,Guest #389,https://event.example.com/checkin/TICKET-0389?auth=KEY_3879497,HASH_12190093
TICKET-0390,Guest #390,https://event.example.com/checkin/TICKET-0390?auth=KEY_3889470,HASH_12221430
TICKET-0391,Guest #391,https://event.example.com/checkin/TICKET-0391?auth=KEY_3899443,HASH_12252767
TICKET-0392,Guest #392,https://event.example.com/checkin/TICKET-0392?auth=KEY_3909416,HASH_12284104
TICKET-0393,Guest #393,https://event.example.com/checkin/TICKET-0393?auth=KEY_3919389,HASH_12315441
TICKET-0394,Guest #394,https://event.example.com/checkin/TICKET-0394?auth=KEY_3929362,HASH_12346778
TICKET-0395,Guest #395,https://event.example.com/checkin/TICKET-0395?auth=KEY_3939335,HASH_12378115
TICKET-0396,Guest #396,https://event.example.com/checkin/TICKET-0396?auth=KEY_3949308,HASH_12409452
TICKET-0397,Guest #397,https://event.example.com/checkin/TICKET-0397?auth=KEY_3959281,HASH_12440789
TICKET-0398,Guest #398,https://event.example.com/checkin/TICKET-0398?auth=KEY_3969254,HASH_12472126
TICKET-0399,Guest #399,https://event.example.com/checkin/TICKET-0399?auth=KEY_3979227,HASH_12503463
TICKET-0400,Guest #400,https://event.example.com/checkin/TICKET-0400?auth=KEY_3989200,HASH_12534800
TICKET-0401,Guest #401,https://event.example.com/checkin/TICKET-0401?auth=KEY_3999173,HASH_12566137
TICKET-0402,Guest #402,https://event.example.com/checkin/TICKET-0402?auth=KEY_4009146,HASH_12597474
TICKET-0403,Guest #403,https://event.example.com/checkin/TICKET-0403?auth=KEY_4019119,HASH_12628811
TICKET-0404,Guest #404,https://event.example.com/checkin/TICKET-0404?auth=KEY_4029092,HASH_12660148
TICKET-0405,Guest #405,https://event.example.com/checkin/TICKET-0405?auth=KEY_4039065,HASH_12691485
TICKET-0406,Guest #406,https://event.example.com/checkin/TICKET-0406?auth=KEY_4049038,HASH_12722822
TICKET-0407,Guest #407,https://event.example.com/checkin/TICKET-0407?auth=KEY_4059011,HASH_12754159
TICKET-0408,Guest #408,https://event.example.com/checkin/TICKET-0408?auth=KEY_4068984,HASH_12785496
TICKET-0409,Guest #409,https://event.example.com/checkin/TICKET-0409?auth=KEY_4078957,HASH_12816833
TICKET-0410,Guest #410,https://event.example.com/checkin/TICKET-0410?auth=KEY_4088930,HASH_12848170
TICKET-0411,Guest #411,https://event.example.com/checkin/TICKET-0411?auth=KEY_4098903,HASH_12879507
TICKET-0412,Guest #412,https://event.example.com/checkin/TICKET-0412?auth=KEY_4108876,HASH_12910844
TICKET-0413,Guest #413,https://event.example.com/checkin/TICKET-0413?auth=KEY_4118849,HASH_12942181
TICKET-0414,Guest #414,https://event.example.com/checkin/TICKET-0414?auth=KEY_4128822,HASH_12973518
TICKET-0415,Guest #415,https://event.example.com/checkin/TICKET-0415?auth=KEY_4138795,HASH_13004855
TICKET-0416,Guest #416,https://event.example.com/checkin/TICKET-0416?auth=KEY_4148768,HASH_13036192
TICKET-0417,Guest #417,https://event.example.com/checkin/TICKET-0417?auth=KEY_4158741,HASH_13067529
TICKET-0418,Guest #418,https://event.example.com/checkin/TICKET-0418?auth=KEY_4168714,HASH_13098866
TICKET-0419,Guest #419,https://event.example.com/checkin/TICKET-0419?auth=KEY_4178687,HASH_13130203
TICKET-0420,Guest #420,https://event.example.com/checkin/TICKET-0420?auth=KEY_4188660,HASH_13161540
TICKET-0421,Guest #421,https://event.example.com/checkin/TICKET-0421?auth=KEY_4198633,HASH_13192877
TICKET-0422,Guest #422,https://event.example.com/checkin/TICKET-0422?auth=KEY_4208606,HASH_13224214
TICKET-0423,Guest #423,https://event.example.com/checkin/TICKET-0423?auth=KEY_4218579,HASH_13255551
TICKET-0424,Guest #424,https://event.example.com/checkin/TICKET-0424?auth=KEY_4228552,HASH_13286888
TICKET-0425,Guest #425,https://event.example.com/checkin/TICKET-0425?auth=KEY_4238525,HASH_13318225
TICKET-0426,Guest #426,https://event.example.com/checkin/TICKET-0426?auth=KEY_4248498,HASH_13349562
TICKET-0427,Guest #427,https://event.example.com/checkin/TICKET-0427?auth=KEY_4258471,HASH_13380899
TICKET-0428,Guest #428,https://event.example.com/checkin/TICKET-0428?auth=KEY_4268444,HASH_13412236
TICKET-0429,Guest #429,https://event.example.com/checkin/TICKET-0429?auth=KEY_4278417,HASH_13443573
TICKET-0430,Guest #430,https://event.example.com/checkin/TICKET-0430?auth=KEY_4288390,HASH_13474910
TICKET-0431,Guest #431,https://event.example.com/checkin/TICKET-0431?auth=KEY_4298363,HASH_13506247
TICKET-0432,Guest #432,https://event.example.com/checkin/TICKET-0432?auth=KEY_4308336,HASH_13537584
TICKET-0433,Guest #433,https://event.example.com/checkin/TICKET-0433?auth=KEY_4318309,HASH_13568921
TICKET-0434,Guest #434,https://event.example.com/checkin/TICKET-0434?auth=KEY_4328282,HASH_13600258
TICKET-0435,Guest #435,https://event.example.com/checkin/TICKET-0435?auth=KEY_4338255,HASH_13631595
TICKET-0436,Guest #436,https://event.example.com/checkin/TICKET-0436?auth=KEY_4348228,HASH_13662932
TICKET-0437,Guest #437,https://event.example.com/checkin/TICKET-0437?auth=KEY_4358201,HASH_13694269
TICKET-0438,Guest #438,https://event.example.com/checkin/TICKET-0438?auth=KEY_4368174,HASH_13725606
TICKET-0439,Guest #439,https://event.example.com/checkin/TICKET-0439?auth=KEY_4378147,HASH_13756943
TICKET-0440,Guest #440,https://event.example.com/checkin/TICKET-0440?auth=KEY_4388120,HASH_13788280
TICKET-0441,Guest #441,https://event.example.com/checkin/TICKET-0441?auth=KEY_4398093,HASH_13819617
TICKET-0442,Guest #442,https://event.example.com/checkin/TICKET-0442?auth=KEY_4408066,HASH_13850954
TICKET-0443,Guest #443,https://event.example.com/checkin/TICKET-0443?auth=KEY_4418039,HASH_13882291
TICKET-0444,Guest #444,https://event.example.com/checkin/TICKET-0444?auth=KEY_4428012,HASH_13913628
TICKET-0445,Guest #445,https://event.example.com/checkin/TICKET-0445?auth=KEY_4437985,HASH_13944965
TICKET-0446,Guest #446,https://event.example.com/checkin/TICKET-0446?auth=KEY_4447958,HASH_13976302
TICKET-0447,Guest #447,https://event.example.com/checkin/TICKET-0447?auth=KEY_4457931,HASH_14007639
TICKET-0448,Guest #448,https://event.example.com/checkin/TICKET-0448?auth=KEY_4467904,HASH_14038976
TICKET-0449,Guest #449,https://event.example.com/checkin/TICKET-0449?auth=KEY_4477877,HASH_14070313
TICKET-0450,Guest #450,https://event.example.com/checkin/TICKET-0450?auth=KEY_4487850,HASH_14101650
TICKET-0451,Guest #451,https://event.example.com/checkin/TICKET-0451?auth=KEY_4497823,HASH_14132987
TICKET-0452,Guest #452,https://event.example.com/checkin/TICKET-0452?auth=KEY_4507796,HASH_14164324
TICKET-0453,Guest #453,https://event.example.com/checkin/TICKET-0453?auth=KEY_4517769,HASH_14195661
TICKET-0454,Guest #454,https://event.example.com/checkin/TICKET-0454?auth=KEY_4527742,HASH_14226998
TICKET-0455,Guest #455,https://event.example.com/checkin/TICKET-0455?auth=KEY_4537715,HASH_14258335
TICKET-0456,Guest #456,https://event.example.com/checkin/TICKET-0456?auth=KEY_4547688,HASH_14289672
TICKET-0457,Guest #457,https://event.example.com/checkin/TICKET-0457?auth=KEY_4557661,HASH_14321009
TICKET-0458,Guest #458,https://event.example.com/checkin/TICKET-0458?auth=KEY_4567634,HASH_14352346
TICKET-0459,Guest #459,https://event.example.com/checkin/TICKET-0459?auth=KEY_4577607,HASH_14383683
TICKET-0460,Guest #460,https://event.example.com/checkin/TICKET-0460?auth=KEY_4587580,HASH_14415020
TICKET-0461,Guest #461,https://event.example.com/checkin/TICKET-0461?auth=KEY_4597553,HASH_14446357
TICKET-0462,Guest #462,https://event.example.com/checkin/TICKET-0462?auth=KEY_4607526,HASH_14477694
TICKET-0463,Guest #463,https://event.example.com/checkin/TICKET-0463?auth=KEY_4617499,HASH_14509031
TICKET-0464,Guest #464,https://event.example.com/checkin/TICKET-0464?auth=KEY_4627472,HASH_14540368
TICKET-0465,Guest #465,https://event.example.com/checkin/TICKET-0465?auth=KEY_4637445,HASH_14571705
TICKET-0466,Guest #466,https://event.example.com/checkin/TICKET-0466?auth=KEY_4647418,HASH_14603042
TICKET-0467,Guest #467,https://event.example.com/checkin/TICKET-0467?auth=KEY_4657391,HASH_14634379
TICKET-0468,Guest #468,https://event.example.com/checkin/TICKET-0468?auth=KEY_4667364,HASH_14665716
TICKET-0469,Guest #469,https://event.example.com/checkin/TICKET-0469?auth=KEY_4677337,HASH_14697053
TICKET-0470,Guest #470,https://event.example.com/checkin/TICKET-0470?auth=KEY_4687310,HASH_14728390
TICKET-0471,Guest #471,https://event.example.com/checkin/TICKET-0471?auth=KEY_4697283,HASH_14759727
TICKET-0472,Guest #472,https://event.example.com/checkin/TICKET-0472?auth=KEY_4707256,HASH_14791064
TICKET-0473,Guest #473,https://event.example.com/checkin/TICKET-0473?auth=KEY_4717229,HASH_14822401
TICKET-0474,Guest #474,https://event.example.com/checkin/TICKET-0474?auth=KEY_4727202,HASH_14853738
TICKET-0475,Guest #475,https://event.example.com/checkin/TICKET-0475?auth=KEY_4737175,HASH_14885075
TICKET-0476,Guest #476,https://event.example.com/checkin/TICKET-0476?auth=KEY_4747148,HASH_14916412
TICKET-0477,Guest #477,https://event.example.com/checkin/TICKET-0477?auth=KEY_4757121,HASH_14947749
TICKET-0478,Guest #478,https://event.example.com/checkin/TICKET-0478?auth=KEY_4767094,HASH_14979086
TICKET-0479,Guest #479,https://event.example.com/checkin/TICKET-0479?auth=KEY_4777067,HASH_15010423
TICKET-0480,Guest #480,https://event.example.com/checkin/TICKET-0480?auth=KEY_4787040,HASH_15041760
TICKET-0481,Guest #481,https://event.example.com/checkin/TICKET-0481?auth=KEY_4797013,HASH_15073097
TICKET-0482,Guest #482,https://event.example.com/checkin/TICKET-0482?auth=KEY_4806986,HASH_15104434
TICKET-0483,Guest #483,https://event.example.com/checkin/TICKET-0483?auth=KEY_4816959,HASH_15135771
TICKET-0484,Guest #484,https://event.example.com/checkin/TICKET-0484?auth=KEY_4826932,HASH_15167108
TICKET-0485,Guest #485,https://event.example.com/checkin/TICKET-0485?auth=KEY_4836905,HASH_15198445
TICKET-0486,Guest #486,https://event.example.com/checkin/TICKET-0486?auth=KEY_4846878,HASH_15229782
TICKET-0487,Guest #487,https://event.example.com/checkin/TICKET-0487?auth=KEY_4856851,HASH_15261119
TICKET-0488,Guest #488,https://event.example.com/checkin/TICKET-0488?auth=KEY_4866824,HASH_15292456
TICKET-0489,Guest #489,https://event.example.com/checkin/TICKET-0489?auth=KEY_4876797,HASH_15323793
TICKET-0490,Guest #490,https://event.example.com/checkin/TICKET-0490?auth=KEY_4886770,HASH_15355130
TICKET-0491,Guest #491,https://event.example.com/checkin/TICKET-0491?auth=KEY_4896743,HASH_15386467
TICKET-0492,Guest #492,https://event.example.com/checkin/TICKET-0492?auth=KEY_4906716,HASH_15417804
TICKET-0493,Guest #493,https://event.example.com/checkin/TICKET-0493?auth=KEY_4916689,HASH_15449141
TICKET-0494,Guest #494,https://event.example.com/checkin/TICKET-0494?auth=KEY_4926662,HASH_15480478
TICKET-0495,Guest #495,https://event.example.com/checkin/TICKET-0495?auth=KEY_4936635,HASH_15511815
TICKET-0496,Guest #496,https://event.example.com/checkin/TICKET-0496?auth=KEY_4946608,HASH_15543152
TICKET-0497,Guest #497,https://event.example.com/checkin/TICKET-0497?auth=KEY_4956581,HASH_15574489
TICKET-0498,Guest #498,https://event.example.com/checkin/TICKET-0498?auth=KEY_4966554,HASH_15605826
TICKET-0499,Guest #499,https://event.example.com/checkin/TICKET-0499?auth=KEY_4976527,HASH_15637163
TICKET-0500,Guest #500,https://event.example.com/checkin/TICKET-0500?auth=KEY_4986500,HASH_15668500
TICKET-0501,Guest #501,https://event.example.com/checkin/TICKET-0501?auth=KEY_4996473,HASH_15699837
TICKET-0502,Guest #502,https://event.example.com/checkin/TICKET-0502?auth=KEY_5006446,HASH_15731174
TICKET-0503,Guest #503,https://event.example.com/checkin/TICKET-0503?auth=KEY_5016419,HASH_15762511
TICKET-0504,Guest #504,https://event.example.com/checkin/TICKET-0504?auth=KEY_5026392,HASH_15793848
TICKET-0505,Guest #505,https://event.example.com/checkin/TICKET-0505?auth=KEY_5036365,HASH_15825185
TICKET-0506,Guest #506,https://event.example.com/checkin/TICKET-0506?auth=KEY_5046338,HASH_15856522
TICKET-0507,Guest #507,https://event.example.com/checkin/TICKET-0507?auth=KEY_5056311,HASH_15887859
TICKET-0508,Guest #508,https://event.example.com/checkin/TICKET-0508?auth=KEY_5066284,HASH_15919196
TICKET-0509,Guest #509,https://event.example.com/checkin/TICKET-0509?auth=KEY_5076257,HASH_15950533
TICKET-0510,Guest #510,https://event.example.com/checkin/TICKET-0510?auth=KEY_5086230,HASH_15981870
TICKET-0511,Guest #511,https://event.example.com/checkin/TICKET-0511?auth=KEY_5096203,HASH_16013207
TICKET-0512,Guest #512,https://event.example.com/checkin/TICKET-0512?auth=KEY_5106176,HASH_16044544
TICKET-0513,Guest #513,https://event.example.com/checkin/TICKET-0513?auth=KEY_5116149,HASH_16075881
TICKET-0514,Guest #514,https://event.example.com/checkin/TICKET-0514?auth=KEY_5126122,HASH_16107218
TICKET-0515,Guest #515,https://event.example.com/checkin/TICKET-0515?auth=KEY_5136095,HASH_16138555
TICKET-0516,Guest #516,https://event.example.com/checkin/TICKET-0516?auth=KEY_5146068,HASH_16169892
TICKET-0517,Guest #517,https://event.example.com/checkin/TICKET-0517?auth=KEY_5156041,HASH_16201229
TICKET-0518,Guest #518,https://event.example.com/checkin/TICKET-0518?auth=KEY_5166014,HASH_16232566
TICKET-0519,Guest #519,https://event.example.com/checkin/TICKET-0519?auth=KEY_5175987,HASH_16263903
TICKET-0520,Guest #520,https://event.example.com/checkin/TICKET-0520?auth=KEY_5185960,HASH_16295240
TICKET-0521,Guest #521,https://event.example.com/checkin/TICKET-0521?auth=KEY_5195933,HASH_16326577
TICKET-0522,Guest #522,https://event.example.com/checkin/TICKET-0522?auth=KEY_5205906,HASH_16357914
TICKET-0523,Guest #523,https://event.example.com/checkin/TICKET-0523?auth=KEY_5215879,HASH_16389251
TICKET-0524,Guest #524,https://event.example.com/checkin/TICKET-0524?auth=KEY_5225852,HASH_16420588
TICKET-0525,Guest #525,https://event.example.com/checkin/TICKET-0525?auth=KEY_5235825,HASH_16451925
TICKET-0526,Guest #526,https://event.example.com/checkin/TICKET-0526?auth=KEY_5245798,HASH_16483262
TICKET-0527,Guest #527,https://event.example.com/checkin/TICKET-0527?auth=KEY_5255771,HASH_16514599
TICKET-0528,Guest #528,https://event.example.com/checkin/TICKET-0528?auth=KEY_5265744,HASH_16545936
